url	name	price
https://www.bodyworld.eu/cz/en/megabol-testosterol-250-30-capsules-5288	Testosterol™ 250 30 capsules	95 Kč
https://www.bodyworld.eu/cz/en/mutant-madness-225-g-4997	Madness 225 g	345 Kč
https://www.bodyworld.eu/cz/en/bodyworld-creatine-creapurer-500-g-7227	Creatine (Creapure) 500 g	575 Kč
https://www.bodyworld.eu/cz/en/allnutrition-f-king-delicious-cookie-128-g-150-g-6702	F ** king Delicious Cookie 128 g - 150 g *	39 Kč
https://www.bodyworld.eu/cz/en/myprotein-creatine-monohydrate-500-g-3257	Creatine Monohydrate 500 g	665 Kč
https://www.bodyworld.eu/cz/en/bodyworld-boost-300-g-6907	Boost 300 g	325 Kč
https://www.bodyworld.eu/cz/en/biotech-usa-tribulus-maximus-90-tablets-734	Tribulus Maximus 90 tablets	548 Kč
https://www.bodyworld.eu/cz/en/myprotein-creatine-monohydrate-250-g-2241	Creatine Monohydrate 250 g	345 Kč
https://www.bodyworld.eu/cz/en/mutant-bcaa-97-348-g-1963	BCAA 9.7 348 g	415 Kč
https://www.bodyworld.eu/cz/en/prom-in-essential-bcaa-synergy-11-g-3971	Essential BCAA Synergy 11 g	24 Kč
https://www.bodyworld.eu/cz/en/allnutrition-citrulline-200-g-5681	Citrulline 200 g	325 Kč
https://www.bodyworld.eu/cz/en/allnutrition-creatine-muscle-max-500-g-4338	Creatine Muscle Max 500 g	539 Kč
https://www.bodyworld.eu/cz/en/fcb-probrands-bcaa-drink-330-ml-6343	BCAA Drink 330 ml	33 Kč
https://www.bodyworld.eu/cz/en/cellucor-c4-original-390-g-4403	C4 Original 390 g	699 Kč
https://www.bodyworld.eu/cz/en/prom-in-creatine-hcl-240-capsules-5528	Creatine HCL 240 capsules	445 Kč
https://www.bodyworld.eu/cz/en/nutrend-carnitine-activity-drink-750-ml-415	Carnitine Activity Drink 750 ml	43 Kč
https://www.bodyworld.eu/cz/en/blackfriars-flapjack-110-g-167	Flapjack 110 g	29 Kč
https://www.bodyworld.eu/cz/en/nutrend-n1-pre-workout-510-g-3572	N1 Pre-Workout 510 g	799 Kč
https://www.bodyworld.eu/cz/en/allnutrition-bcaa-max-support-500-g-4349	BCAA Max Support 500 g	405 Kč
https://www.bodyworld.eu/cz/en/nutrend-unisport-500-ml-3249	Unisport 500 ml	225 Kč
https://www.bodyworld.eu/cz/en/bodyworld-eaa-the-real-athlete-390-g-5895	EAA  390 g	319 Kč
https://www.bodyworld.eu/cz/en/nocco-bcaa-330-ml-4945	BCAA 330 ml	51 Kč
https://www.bodyworld.eu/cz/en/scitec-nutrition-100-creatine-monohydrate-300-g-1759	100% Creatine Monohydrate 300 g	648 Kč
https://www.bodyworld.eu/cz/en/prom-in-essential-bcaa-synergy-550-g-3970	Essential BCAA Synergy 550 g	549 Kč
https://www.bodyworld.eu/cz/en/nutrend-n1-shot-60-ml-3831	N1 Shot 60 ml	42 Kč
https://www.bodyworld.eu/cz/en/biotech-usa-2x-tribulus-maximus-90-tbl-1190	2x Tribulus Maximus 90 tbl	1230 Kč
https://www.bodyworld.eu/cz/en/muscletech-cell-tech-2720-g-1669	Cell Tech 2720 g	1125 Kč
https://www.bodyworld.eu/cz/en/prom-in-nitrox-pump-extreme-10-x-15-g-5423	Nitrox Pump Extreme 10 x 15 g	249 Kč
https://www.bodyworld.eu/cz/en/prom-in-nitrox-pump-extreme-15-g-5517	Nitrox Pump Extreme 15 g	28 Kč
https://www.bodyworld.eu/cz/en/myprotein-l-glutamine-500-g-2224	L-Glutamine 500 g	269 Kč
https://www.bodyworld.eu/cz/en/applied-nutrition-abe-energy-performance-330-ml-6758	ABE Energy + Performance 330 ml	44 Kč
https://www.bodyworld.eu/cz/en/bodyworld-creatose-creapurer-gluco-120-tablets-7238	Creatose (Creapure Gluco) 120 tablets	419 Kč
https://www.bodyworld.eu/cz/en/allnutrition-isotonic-700-g-6766	Isotonic 700 g	185 Kč
https://www.bodyworld.eu/cz/en/nutrend-n1-pre-workout-10-x-17-g-3573	N1 Pre-Workout 10 x 17 g	295 Kč
https://www.bodyworld.eu/cz/en/cellucor-c4-original-195-g-4580	C4 Original 195 g	499 Kč
https://www.bodyworld.eu/cz/en/scitec-nutrition-bcaa-glutamine-xpress-600-g-3351	BCAA + Glutamine Xpress 600 g	748 Kč
https://www.bodyworld.eu/cz/en/allnutrition-f-king-delicious-snack-bar-40-g-7015	F ** king Delicious Snack Bar 40 g	19 Kč
https://www.bodyworld.eu/cz/en/myprotein-bcaa-500-g-3043	BCAA 500 g	369 Kč
https://www.bodyworld.eu/cz/en/allnutrition-beta-alanine-250-g-6394	Beta Alanine 250 g	159 Kč
https://www.bodyworld.eu/cz/en/nutrend-carnitine-3000-shot-20-x-60-ml-1748	Carnitine 3000 Shot 20 x 60 ml	539 Kč
https://www.bodyworld.eu/cz/en/scitec-nutrition-crea-bomb-660-g-541	Crea-Bomb 660 g	748 Kč
https://www.bodyworld.eu/cz/en/nutrend-carnitine-3000-shot-60-ml-6918	Carnitine 3000 Shot 60 ml	25 Kč
https://www.bodyworld.eu/cz/en/allnutrition-mens-support-extreme-120-capsules-5426	Men´s Support Extreme 120 capsules	299 Kč
https://www.bodyworld.eu/cz/en/reflex-nutrition-creapurer-creatine-90-capsules-5481	Creapure Creatine 90 capsules	269 Kč
https://www.bodyworld.eu/cz/en/nutrend-energy-bar-60-g-7293	Energy Bar 60 g	27 Kč
https://www.bodyworld.eu/cz/en/sopharma-tribestan-60-tablets-186	Tribestan 60 tablets	679 Kč
https://www.bodyworld.eu/cz/en/nutrend-carbosnack-50-tuba-1280	Carbosnack 50 (tuba)	30 Kč
https://www.bodyworld.eu/cz/en/nutrend-unisport-1000-ml-3247	Unisport 1000 ml	389 Kč
https://www.bodyworld.eu/cz/en/mutant-creakong-cx8-249-g-1962	Creakong CX8 249 g	419 Kč
https://www.bodyworld.eu/cz/en/scitec-nutrition-bcaa-6400-375-tablets-274	BCAA 6400 375 tablets	648 Kč
https://www.bodyworld.eu/cz/en/allnutrition-caffeine-200-power-100-capsules-6398	Caffeine 200 Power 100 capsules	99 Kč
https://www.bodyworld.eu/cz/en/nutrend-carnitine-100-000-1000-ml-3023	Carnitine 100 000 1000 ml	495 Kč
https://www.bodyworld.eu/cz/en/biotech-usa-bcaa-glutamine-zero-480-g-5694	BCAA + Glutamine Zero 480 g	639 Kč
https://www.bodyworld.eu/cz/en/nocco-bcaa-330-ml-4934	BCAA+ 330 ml	51 Kč
https://www.bodyworld.eu/cz/en/scitec-nutrition-creatine-caps-250-capsules-2383	Creatine Caps 250 capsules	498 Kč
https://www.bodyworld.eu/cz/en/nutrend-flapjack-gluten-free-100-g-3574	Flapjack Gluten Free 100 g	31 Kč
https://www.bodyworld.eu/cz/en/bsn-amino-x-435-g-1238	AMINO X™ 435 g	489 Kč
https://www.bodyworld.eu/cz/en/bodyworld-bcaa-360-g-5896	BCAA  360 g	329 Kč
https://www.bodyworld.eu/cz/en/bodyworld-creatose-creapurer-gluco-120-tablets-gift-bodyworld-t-shirt-7463	Creatose (Creapure Gluco) 120 tablets + GIFT BodyWorld t-shirt	439 Kč
https://www.bodyworld.eu/cz/en/atp-nutrition-tribulus-terrestris-forte-100-capsules-993	Tribulus Terrestris Forte 100 capsules	235 Kč
https://www.bodyworld.eu/cz/en/biotech-usa-eaa-zero-350-g-5602	EAA ZERO 350 g	575 Kč
https://www.bodyworld.eu/cz/en/mega-pro-l-carnitine-150000-1000-ml-986	L-Carnitine 150000 1000 ml	379 Kč
https://www.bodyworld.eu/cz/en/allnutrition-glutamine-recovery-amino-500-g-4666	Glutamine Recovery Amino 500 g	369 Kč
https://www.bodyworld.eu/cz/en/sis-go-isotonic-energy-gel-60-ml-7422	Go Isotonic Energy Gel 60 ml	29 Kč
https://www.bodyworld.eu/cz/en/prom-in-zm-core-120-capsules-5980	ZM-Core 120 capsules	329 Kč
https://www.bodyworld.eu/cz/en/barebells-protein-milkshake-330-ml-6221	Protein Milkshake 330 ml	55 Kč
https://www.bodyworld.eu/cz/en/biotech-usa-creatine-ph-x-210-capsules-737	Creatine pH-X 210 capsules	623 Kč
https://www.bodyworld.eu/cz/en/nutrend-voltage-energy-bar-65-g-458	Voltage Energy Bar 65 g	33 Kč
https://www.bodyworld.eu/cz/en/biotech-usa-crea-zero-320-g-4754	Crea ZERO 320 g	548 Kč
https://www.bodyworld.eu/cz/en/nocco-bcaa-mango-del-sol-limited-summer-edition-330-ml-7356	BCAA Mango Del Sol - Limited summer edition 330 ml	52 Kč
https://www.bodyworld.eu/cz/en/allnutrition-aakg-muscle-pump-6518	AAKG Muscle Pump 300 g	355 Kč
https://www.bodyworld.eu/cz/en/biotech-usa-black-blood-nox-330-g-4048	Black Blood NOX+ 330 g	823 Kč
https://www.bodyworld.eu/cz/en/allnutrition-musli-bar-l-carnitine-30-g-4533	Musli Bar + L-Carnitine 30 g	17 Kč
https://www.bodyworld.eu/cz/en/atp-nutrition-l-arginine-forte-90-capsules-6883	L-Arginine Forte 90 capsules	169 Kč
https://www.bodyworld.eu/cz/en/biotech-usa-l-carnitine-500-mg-sumive-tablety-20-tablets-768	L-Carnitine 500 mg (šumivé tablety) 20 tablets	123 Kč
https://www.bodyworld.eu/cz/en/biotech-usa-l-carnitine-liquid-100-000-mg-500-ml-762	L-Carnitine Liquid 100 000 mg 500 ml	748 Kč
https://www.bodyworld.eu/cz/en/allnutrition-tribulus-100-capsules-5564	Tribulus 100 capsules	255 Kč
https://www.bodyworld.eu/cz/en/mars-bounty-protein-flapjack-60-g-4804	Bounty Protein Flapjack 60 g	40 Kč
https://www.bodyworld.eu/cz/en/allnutrition-bcaa-max-support-instant-500-g-5642	BCAA Max Support Instant 500 g	385 Kč
https://www.bodyworld.eu/cz/en/allnutrition-gaba-120-capsules-6764	GABA 120 capsules	199 Kč
https://www.bodyworld.eu/cz/en/allnutrition-nutlove-milk-chocolate-bar-69-g-7199	NUTLOVE Milk Chocolate Bar 69 g	34 Kč
https://www.bodyworld.eu/cz/en/myprotein-maltodextrin-2500-g-4275	Maltodextrin 2500 g	245 Kč
https://www.bodyworld.eu/cz/en/nutrend-carbosnack-caffeine-50-g-tuba-5494	Carbosnack + Caffeine 50 g (tuba)	30 Kč
https://www.bodyworld.eu/cz/en/allnutrition-zmax-90-capsules-4659	ZMAX 90 capsules	229 Kč
https://www.bodyworld.eu/cz/en/biotech-usa-citrulline-malate-300-g-4161	Citrulline Malate 300 g	598 Kč
https://www.bodyworld.eu/cz/en/prom-in-aggressive-pre-25-g-5644	Aggressive PRE 25 g	43 Kč
https://www.bodyworld.eu/cz/en/activlab-bcaa-xtra-drink-330-ml-6933	BCAA Xtra Drink 330 ml	20 Kč
https://www.bodyworld.eu/cz/en/biotech-usa-gh-120-capsules-3741	GH 120 capsules	473 Kč
https://www.bodyworld.eu/cz/en/nutrend-n1-shot-box-20-x-60-ml-3832	N1 Shot BOX 20 x 60 ml	780 Kč
https://www.bodyworld.eu/cz/en/scitec-nutrition-bcaa-xpress-700-g-341	BCAA Xpress 700 g	823 Kč
https://www.bodyworld.eu/cz/en/universal-100-beef-aminos-400-tablets-1664	100% Beef Aminos 400 tablets	735 Kč
https://www.bodyworld.eu/cz/en/gaspari-nutrition-tribulus-90-capsules-6087	Tribulus 90 capsules	469 Kč
https://www.bodyworld.eu/cz/en/prom-in-serious-pre-244-g-4871	Serious PRE 24,4 g	44 Kč
https://www.bodyworld.eu/cz/en/allnutrition-cla-l-carnitine-green-tea-120-capsules-5356	CLA + L-Carnitine + Green Tea 120 capsules	329 Kč
https://www.bodyworld.eu/cz/en/biotech-usa-pump-caffeine-free-330-g-7410	Pump Caffeine Free 330 g	598 Kč
https://www.bodyworld.eu/cz/en/scitec-nutrition-eaa-glutamine-300-g-5554	EAA + Glutamine  300 g	573 Kč
https://www.bodyworld.eu/cz/en/scitec-nutrition-zmb6-60-capsules-614	ZMB6 60 capsules	298 Kč
https://www.bodyworld.eu/cz/en/biotech-usa-tribooster-120-tablets-3147	Tribooster 120 tablets	823 Kč
https://www.bodyworld.eu/cz/en/nutrend-eaa-mega-strong-powder-300-g-5549	EAA Mega Strong Powder 300 g	439 Kč
https://www.bodyworld.eu/cz/en/allnutrition-bcaa-shock-green-tea-box-12-x-80-ml-4555	BCAA SHOCK + Green Tea BOX 12 x 80 ml	229 Kč
https://www.bodyworld.eu/cz/en/biotech-usa-aakg-1000-100-tablets-1201	AAKG 1000 100 tablets	398 Kč
https://www.bodyworld.eu/cz/en/biotech-usa-brutal-anadrol-90-capsules-2487	Brutal Anadrol 90 capsules	648 Kč
https://www.bodyworld.eu/cz/en/nutrend-flexit-gold-gel-100-ml-5735	Flexit Gold Gel 100 ml	145 Kč
https://www.bodyworld.eu/cz/en/scitec-nutrition-amino-5600-500-tablets-179	Amino 5600 500 tablets	748 Kč
https://www.bodyworld.eu/cz/en/applied-nutrition-abe-all-black-everything-315-g-4688	ABE (All Black Everything) 315 g	615 Kč
https://www.bodyworld.eu/cz/en/biotech-usa-bcaa-zero-360-g-3543	BCAA Zero 360 g	648 Kč
https://www.bodyworld.eu/cz/en/reflex-nutrition-bcaa-intra-fusionr-400-g-3981	BCAA Intra Fusion 400 g	465 Kč
https://www.bodyworld.eu/cz/en/nutrend-vegan-protein-crunchy-bar-40-g-7085	Vegan Protein Crunchy Bar 40 g	23 Kč
https://www.bodyworld.eu/cz/en/myprotein-tribulus-270-capsules-2793	Tribulus 270 capsules	439 Kč
https://www.bodyworld.eu/cz/en/biotech-usa-creator-120-capsules-4231	CreaTOR 120 capsules	548 Kč
https://www.bodyworld.eu/cz/en/scitec-nutrition-bcaa-glutamine-xpress-300-g-5003	BCAA + Glutamine Xpress 300 g	498 Kč
https://www.bodyworld.eu/cz/en/nutrend-unisport-zero-1000-ml-3245	Unisport Zero 1000 ml	389 Kč
https://www.bodyworld.eu/cz/en/nutrend-bcaa-energy-330-ml-5391	BCAA Energy 330 ml	43 Kč
https://www.bodyworld.eu/cz/en/nutrend-bcaa-mega-strong-drink-400-g-6195	BCAA Mega Strong Drink 400 g	495 Kč
https://www.bodyworld.eu/cz/en/scitec-nutrition-mega-arginine-90-capsules-551	Mega Arginine 90 capsules	398 Kč
https://www.bodyworld.eu/cz/en/allnutrition-carbo-multi-max-1000-g-5019	Carbo Multi Max 1000 g	145 Kč
https://www.bodyworld.eu/cz/en/bodyworld-prius-825-g-6331	Prius 825 g	525 Kč
https://www.bodyworld.eu/cz/en/scitec-nutrition-mega-arginine-140-capsules-1158	Mega Arginine 140 capsules	548 Kč
https://www.bodyworld.eu/cz/en/allnutrition-glutamine-recovery-amino-250-g-7061	Glutamine Recovery Amino 250 g	209 Kč
https://www.bodyworld.eu/cz/en/nutrend-carbosnack-box-12-x-50-g-tuba-2815	Carbosnack BOX 12 x 50 g (tuba)	324 Kč
https://www.bodyworld.eu/cz/en/powerbar-5-electrolytes-10-tablets-5587	5 Electrolytes 10 tablets	98 Kč
https://www.bodyworld.eu/cz/en/myprotein-tribulus-90-capsules-2791	Tribulus 90 capsules	249 Kč
https://www.bodyworld.eu/cz/en/allnutrition-l-carnitine-fit-body-120-capsules-6762	L-Carnitine Fit Body 120 capsules	299 Kč
https://www.bodyworld.eu/cz/en/nutrend-endurosnack-75-g-tube-1279	Endurosnack 75 g (tube)	45 Kč
https://www.bodyworld.eu/cz/en/nutrend-bcaa-liquid-shot-box-20-x-60-ml-1770	BCAA Liquid Shot BOX 20 x 60 ml	473 Kč
https://www.bodyworld.eu/cz/en/fcb-probrands-bcaa-drink-250-ml-7483	BCAA Drink 250 ml	32 Kč
https://www.bodyworld.eu/cz/en/scivation-xtend-original-bcaa-423-456-g-3591	XTEND Original BCAA 423-456 g	565 Kč
https://www.bodyworld.eu/cz/en/atp-nutrition-bcaa-max-100-capsules-961	BCAA Max 100 capsules	149 Kč
https://www.bodyworld.eu/cz/en/biotech-usa-black-blood-nox-19-g-5711	Black Blood NOX+ 19 g	55 Kč
https://www.bodyworld.eu/cz/en/muscletech-cell-tech-1360-g-1754	Cell Tech 1360 g	735 Kč
https://www.bodyworld.eu/cz/en/aminostar-bcaa-extreme-pure-120-capsules-1811	BCAA Extreme pure 120 capsules	395 Kč
https://www.bodyworld.eu/cz/en/allnutrition-ashwagandha-guarana-30-capsules-6247	Ashwagandha + Guarana 30 capsules	135 Kč
https://www.bodyworld.eu/cz/en/prom-in-serious-pre-750-g-4863	Serious PRE 750 g	799 Kč
https://www.bodyworld.eu/cz/en/dy-nutrition-blood-and-guts-380-g-7477	Blood and Guts 380 g	629 Kč
https://www.bodyworld.eu/cz/en/biotech-usa-citrulline-malate-90-capsules-4160	Citrulline Malate 90 capsules	448 Kč
https://www.bodyworld.eu/cz/en/myprotein-myvitamins-zinc-and-magnesium-270-capsules-6020	MyVitamins Zinc and Magnesium 270 capsules	445 Kč
https://www.bodyworld.eu/cz/en/nutrend-vegan-protein-fruit-bar-50-g-6566	Vegan Protein Fruit Bar 50 g	23 Kč
https://www.bodyworld.eu/cz/en/biotech-usa-creatine-ph-x-90-capsules-736	Creatine pH-X 90 capsules	373 Kč
https://www.bodyworld.eu/cz/en/biotech-usa-isotonic-600-g-6761	Isotonic 600 g	448 Kč
https://www.bodyworld.eu/cz/en/scitec-nutrition-hot-blood-hardcore-700-g-6901	Hot Blood Hardcore 700 g	998 Kč
https://www.bodyworld.eu/cz/en/biotech-usa-bcaa-6000-100-tabl-2515	BCAA 6000 100 tabl	398 Kč
https://www.bodyworld.eu/cz/en/biotech-usa-wianabol-90-capsules-1876	Wianabol 90 capsules	549 Kč
https://www.bodyworld.eu/cz/en/scitec-nutrition-hot-blood-hardcore-375-g-7130	Hot Blood Hardcore 375 g	698 Kč
https://www.bodyworld.eu/cz/en/ultimate-nutrition-bulgarian-tribulus-90-capsules-7472	Bulgarian tribulus 90 capsules	245 Kč
https://www.bodyworld.eu/cz/en/allnutrition-alldeynn-sleeprose-280-g-6679	ALLDEYNN Sleeprose 280 g	569 Kč
https://www.bodyworld.eu/cz/en/gaspari-nutrition-aminomax-8000-325-tablets-630	AminoMax 8000 325 tablets	735 Kč
https://www.bodyworld.eu/cz/en/qnt-l-carnitine-2000-mg-700-ml-3185	L-Carnitine 2000 mg 700 ml	35 Kč
https://www.bodyworld.eu/cz/en/prom-in-progressive-pre-10-x-25-g-6126	Progressive PRE 10 x 25 g	325 Kč
https://www.bodyworld.eu/cz/en/isostar-isostar-powertabs-10-tablets-5638	Isostar Powertabs 10 tablets	115 Kč
https://www.bodyworld.eu/cz/en/amix-creatine-hcl-120-capsules-7487	Creatine HCL 120 caps	369 Kč
https://www.bodyworld.eu/cz/en/biotech-usa-bcaa-zero-9-g-3729	BCAA Zero 9 g	48 Kč
https://www.bodyworld.eu/cz/en/prom-in-creatine-hplc-tested-500-g-5033	Creatine HPLC Tested 500 g	709 Kč
https://www.bodyworld.eu/cz/en/kompava-acidofit-md-16-tablets-3719	AcidoFit MD 16 tablets	149 Kč
https://www.bodyworld.eu/cz/en/biotech-usa-amino-energy-zero-with-electrolytes-360-g-6176	Amino Energy Zero with Electrolytes 360 g	673 Kč
https://www.bodyworld.eu/cz/en/nutrend-isodrinx-420-g-2359	ISODRINX 420 g	199 Kč
https://www.bodyworld.eu/cz/en/isostar-hydrate-perform-400-g-4453	Hydrate & Perform 400 g	199 Kč
https://www.bodyworld.eu/cz/en/prom-in-serious-pre-10-x-244-g-6125	Serious PRE 10 x 24,4 g	385 Kč
https://www.bodyworld.eu/cz/en/max-sport-nuts-protein-bar-40-g-7052	Nuts Protein Bar 40 g	19 Kč
https://www.bodyworld.eu/cz/en/peak-performance-creatine-alkaline-150-capsules-5296	Creatine Alkaline 150 capsules	345 Kč
https://www.bodyworld.eu/cz/en/nutrend-endurance-bar-45-g-5467	Endurance Bar 45 g	31 Kč
https://www.bodyworld.eu/cz/en/mega-pro-mega-l-carnitine-60-capsules-6885	Mega L-Carnitine 60 capsules	169 Kč
https://www.bodyworld.eu/cz/en/myprotein-protein-flapjack-80-g-3887	Protein Flapjack 80 g	32 Kč
https://www.bodyworld.eu/cz/en/myprotein-myvegan-100-glucose-carbs-1000-g-4273	MyVegan 100% Glucose Carbs 1000 g	119 Kč
https://www.bodyworld.eu/cz/en/bodyworld-creatose-creapurer-gluco-20-tablets-7535	Creatose (Creapure Gluco) 20 tablets	99 Kč
https://www.bodyworld.eu/cz/en/biotech-usa-tribooster-60-tablets-1557	Tribooster 60 tablets	498 Kč
https://www.bodyworld.eu/cz/en/biotech-usa-arginine-90-capsules-2741	Arginine 90 capsules	323 Kč
https://www.bodyworld.eu/cz/en/prom-in-progressive-pre-750-g-5629	Progressive PRE 750 g	859 Kč
https://www.bodyworld.eu/cz/en/scitec-nutrition-amino-5600-200-tablets-178	Amino 5600 200 tablets	473 Kč
https://www.bodyworld.eu/cz/en/allnutrition-red-shock-box-12-x-80-ml-4559	RED SHOCK BOX 12 x 80 ml	369 Kč
https://www.bodyworld.eu/cz/en/allnutrition-daa-instant-300-g-5782	DAA Instant 300 g	359 Kč
https://www.bodyworld.eu/cz/en/allnutrition-gaba-90-capsules-6822	GABA 90 capsules	199 Kč
https://www.bodyworld.eu/cz/en/scivation-xtend-original-bcaa-1270-1330-g-3590	XTEND Original BCAA 1270-1330 g	1149 Kč
https://www.bodyworld.eu/cz/en/warrior-turkesterone-60-capsules-7532	Turkesterone 60 capsules	445 Kč
https://www.bodyworld.eu/cz/en/biotech-usa-carbox-1000-g-1074	Carbox 1000 g	248 Kč
https://www.bodyworld.eu/cz/en/nutrend-hmb-4500-100-capsules-4967	HMB 4500 100 capsules	405 Kč
https://www.bodyworld.eu/cz/en/vitamin-well-hydrate-500-ml-6890	Hydrate 500 ml	55 Kč
https://www.bodyworld.eu/cz/en/biotech-usa-mens-arginine-90-tablets-3059	Men’s Arginine 90 tablets	398 Kč
https://www.bodyworld.eu/cz/en/biotech-usa-multi-hypotonic-165-1000-ml-2384	Multi Hypotonic 1:65 1000 ml	549 Kč
https://www.bodyworld.eu/cz/en/nutrend-carnitine-magnesium-activity-drink-750-ml-5892	Carnitine Magnesium Activity Drink 750 ml	43 Kč
https://www.bodyworld.eu/cz/en/nutrend-isodrinx-tabs-12-tablets-2816	ISODRINX Tabs 12 tablets	135 Kč
https://www.bodyworld.eu/cz/en/nutrend-carbosnack-caffeine-50-g-sacok-5545	Carbosnack + Caffeine 50 g (sáčok)	31 Kč
https://www.bodyworld.eu/cz/en/allnutrition-bcaa-811-strong-formula-400-g-4337	BCAA 8:1:1 Strong Formula 400 g	419 Kč
https://www.bodyworld.eu/cz/en/biotech-usa-glutamine-peptide-180-capsules-6025	Glutamine Peptide 180 capsules	498 Kč
https://www.bodyworld.eu/cz/en/myprotein-l-carnitine-180-tablets-2552	L-Carnitine 180 tablets	549 Kč
https://www.bodyworld.eu/cz/en/scitec-nutrition-l-glutamine-600-g-134	L-Glutamine 600 g	698 Kč
https://www.bodyworld.eu/cz/en/allnutrition-l-carni-shock-box-12-x-80-ml-4614	L-Carni Shock BOX 12 x 80 ml	285 Kč
https://www.bodyworld.eu/cz/en/scitec-nutrition-citrulline-malate-90-capsules-521	Citrulline Malate 90 capsules	398 Kč
https://www.bodyworld.eu/cz/en/scitec-nutrition-super-guarana-100-tablets-1918	Super Guarana 100 tablets	373 Kč
https://www.bodyworld.eu/cz/en/allnutrition-alldeynn-powerrose-450-g-6684	ALLDEYNN Powerrose 450 g	649 Kč
https://www.bodyworld.eu/cz/en/biotech-usa-2x-l-carnitine-100000-liquid-500-ml-3620	2x L-Carnitine 100,000 Liquid 500 ml	1438 Kč
https://www.bodyworld.eu/cz/en/kompava-k-4-power-gel-70-g-3985	K-4 Power Gel 70 g	44 Kč
https://www.bodyworld.eu/cz/en/nutrend-bcaa-411-powder-500-g-3284	BCAA 4:1:1 Powder 500 g	615 Kč
https://www.bodyworld.eu/cz/en/aminostar-nitric-oxide-120-capsules-1810	Nitric Oxide 120 capsules	485 Kč
https://www.bodyworld.eu/cz/en/nutrend-isodrinx-1000-g-5460	ISODRINX 1000 g	405 Kč
https://www.bodyworld.eu/cz/en/biotech-usa-energy-gel-60-g-2525	Energy Gel 60 g	48 Kč
https://www.bodyworld.eu/cz/en/vitamin-well-refresh-500-ml-6891	Refresh 500 ml	55 Kč
https://www.bodyworld.eu/cz/en/qnt-energel-55-ml-5206	Energel 55 ml	35 Kč
https://www.bodyworld.eu/cz/en/nutrend-taurine-120-capsules-483	Taurine 120 capsules	225 Kč
https://www.bodyworld.eu/cz/en/biotech-usa-nitrox-therapy-340-g-2133	Nitrox Therapy 340 g	573 Kč
https://www.bodyworld.eu/cz/en/nutrend-caffeine-caps-60-capsules-7469	Caffeine Caps 60 capsules	130 Kč
https://www.bodyworld.eu/cz/en/scitec-nutrition-mega-arginine-120-capsules-3104	Mega Arginine 120 capsules	498 Kč
https://www.bodyworld.eu/cz/en/aminostar-anabolic-booster-180-capsules-316	Anabolic Booster 180 capsules	665 Kč
https://www.bodyworld.eu/cz/en/scitec-nutrition-tribu-2000-90-tablets-7419	Tribu 2000 90 tablets	598 Kč
https://www.bodyworld.eu/cz/en/nutrend-carbosnack-50-g-sacok-2392	Carbosnack 50 g (sáčok)	31 Kč
https://www.bodyworld.eu/cz/en/scitec-nutrition-amino-5600-1000-tablets-240	Amino 5600 1000 tablets	1148 Kč
https://www.bodyworld.eu/cz/en/scitec-nutrition-eaa-xpress-400-g-7208	EAA Xpress 400 g	698 Kč
https://www.bodyworld.eu/cz/en/nutrend-endurosnack-gel-75-g-sachet-1801	Endurosnack GEL 75 g (sachet)	45 Kč
https://www.bodyworld.eu/cz/en/biotech-usa-tst-gh-300-g-3982	TST + GH 300 g	698 Kč
https://www.bodyworld.eu/cz/en/biotech-usa-l-arginine-300-g-3264	L-Arginine 300 g	648 Kč
https://www.bodyworld.eu/cz/en/nutrend-flexit-gold-gel-ice-100-ml-7468	Flexit Gold Gel Ice 100 ml	159 Kč
https://www.bodyworld.eu/cz/en/kompava-3energy-bar-40-g-3067	3Energy bar 40 g	22 Kč
https://www.bodyworld.eu/cz/en/nutrend-aakg-compressed-caps-120-capsules-4943	AAKG Compressed Caps 120 capsules	399 Kč
https://www.bodyworld.eu/cz/en/biotech-usa-zmb-60-capsules-7072	ZMB 60 capsules	298 Kč
https://www.bodyworld.eu/cz/en/scitec-nutrition-caffeine-100-capsules-832	Caffeine 100 capsules	265 Kč
https://www.bodyworld.eu/cz/en/max-sport-protein-shake-310-ml-3416	Protein Shake 310 ml	49 Kč
https://www.bodyworld.eu/cz/en/scitec-nutrition-arginine-liquid-1000-ml-625	Arginine Liquid 1000 ml	698 Kč
https://www.bodyworld.eu/cz/en/peak-performance-createston-professional-3150-g-3033	Createston Professional 3150 g	2445 Kč
https://www.bodyworld.eu/cz/en/sizeandsymmetry-tribulus-testo-x-blend-120-capsules-5376	Tribulus Testo X Blend 120 capsules	519 Kč
https://www.bodyworld.eu/cz/en/scitec-nutrition-ami-no-xpress-440-g-3193	Ami-NO Xpress 440 g	723 Kč
https://www.bodyworld.eu/cz/en/gaspari-nutrition-zm-complex-90-capsules-6085	ZM-Complex 90 capsules	439 Kč
https://www.bodyworld.eu/cz/en/amix-kre-alkalyn-120-capsules-4969	Kre-Alkalyn 120 capsules	535 Kč
https://www.bodyworld.eu/cz/en/scitec-nutrition-amino-charge-570-g-4447	Amino Charge 570 g	748 Kč
https://www.bodyworld.eu/cz/en/biotech-usa-caffeine-taurine-60-capsules-2889	Caffeine + Taurine 60 capsules	223 Kč
https://www.bodyworld.eu/cz/en/universal-animal-fury-502-g-5037	Animal FURY 502 g	979 Kč
https://www.bodyworld.eu/cz/en/allnutrition-gaba-200-g-6765	GABA 200 g	299 Kč
https://www.bodyworld.eu/cz/en/biotech-usa-hmb-150-capsules-4756	HMB 150 capsules	548 Kč
https://www.bodyworld.eu/cz/en/scitec-nutrition-bcaa-xpress-500-g-342	BCAA Xpress 500 g	673 Kč
https://www.bodyworld.eu/cz/en/kompava-energofit-500-g-3084	EnergoFit 500 g	319 Kč
https://www.bodyworld.eu/cz/en/prom-in-maltodextrin-1300-g-4876	Maltodextrín 1300 g	195 Kč
https://www.bodyworld.eu/cz/en/biotech-usa-bcaa-zero-700-g-4241	BCAA Zero 700 g	1048 Kč
https://www.bodyworld.eu/cz/en/biotech-usa-bcaa-b6-200-tablets-2024	BCAA + B6 200 tablets	573 Kč
https://www.bodyworld.eu/cz/en/perfect-sports-bcaa-hyper-clear-297-310-g-7302	BCAA Hyper Clear 297 - 310 g	449 Kč
https://www.bodyworld.eu/cz/en/scitec-nutrition-mega-glutamine-120-capsules-3103	Mega Glutamine 120 capsules	473 Kč
https://www.bodyworld.eu/cz/en/nutrend-explosin-box-20-x-9-g-3077	Explosin BOX 20 x 9 g	345 Kč
https://www.bodyworld.eu/cz/en/warrior-rage-savage-330-g-6442	Rage Savage 330 g	589 Kč
https://www.bodyworld.eu/cz/en/mega-pro-hmb-90-tablets-6886	HMB 90 tablets	189 Kč
https://www.bodyworld.eu/cz/en/prom-in-serious-pre-natural-750-g-6596	Serious PRE Natural 750 g	859 Kč
https://www.bodyworld.eu/cz/en/peak-performance-createston-classic-1648-g-5157	Createston Classic+ 1648 g	1175 Kč
https://www.bodyworld.eu/cz/en/nutrend-bcaa-liquid-80000-mg-1000-ml-509	BCAA Liquid 80.000 mg 1000 ml	445 Kč
https://www.bodyworld.eu/cz/en/qnt-bcaa-8000-actif-by-juice-700-ml-3616	BCAA 8000 (Actif by Juice)  700 ml	35 Kč
https://www.bodyworld.eu/cz/en/allnutrition-l-carni-1000-ml-5783	L-Carni 1000 ml	359 Kč
https://www.bodyworld.eu/cz/en/biotech-usa-beta-alanine-300-g-4214	Beta Alanine 300 g	598 Kč
https://www.bodyworld.eu/cz/en/allnutrition-aerofuel-intra-boost-400-g-6519	Aerofuel Intra boost 400 g	179 Kč
https://www.bodyworld.eu/cz/en/vitamin-well-recover-500-ml-6896	Recover 500 ml	55 Kč
https://www.bodyworld.eu/cz/en/aminostar-anabolic-booster-180-caps-nitric-oxide-120-caps-stock-package-631	Anabolic Booster 180 caps + Nitric Oxide 120 caps stock package	731 Kč
https://www.bodyworld.eu/cz/en/scitec-nutrition-g-bomb-20-500-g-249	G-Bomb 2.0 500 g	698 Kč
https://www.bodyworld.eu/cz/en/nutrend-regener-450-g-444	Regener 450 g	299 Kč
https://www.bodyworld.eu/cz/en/biotech-usa-mega-amino-500-tablets-1257	Mega Amino 500 tablets	849 Kč
https://www.bodyworld.eu/cz/en/nutrend-glutamine-mega-strong-powder-500-g-3376	Glutamine Mega Strong Powder 500 g	589 Kč
https://www.bodyworld.eu/cz/en/biotech-usa-bcaa-b6-340-tablets-3119	BCAA + B6 340 tablets	873 Kč
https://www.bodyworld.eu/cz/en/aminostar-bcaa-extreme-pure-1-1-for-free-2-x-120-capsules-382	BCAA Extreme pure 1 + 1 for free 2 x 120 capsules	450 Kč
https://www.bodyworld.eu/cz/en/allnutrition-bcaa-211-1000-xtracaps-180-capsules-7058	BCAA 2:1:1 1000 XtraCaps 180 capsules	249 Kč
https://www.bodyworld.eu/cz/en/allnutrition-2x-bcaa-shock-green-tea-box-12-x-80-ml-4857	2x BCAA SHOCK + Green Tea BOX 12 x 80 ml	349 Kč
https://www.bodyworld.eu/cz/en/allnutrition-beef-amino-2000-300-tablets-5306	Beef Amino 2000 300 tablets	429 Kč
https://www.bodyworld.eu/cz/en/biotech-usa-bcaa-811-zero-250-g-3742	BCAA 8:1:1 Zero 250 g	573 Kč
https://www.bodyworld.eu/cz/en/nutrend-glutamine-compressed-caps-120-capsules-3483	Glutamine Compressed Caps 120 capsules	315 Kč
https://www.bodyworld.eu/cz/en/scitec-nutrition-bcaa-6400-125-tablets-275	BCAA 6400 125 tablets	373 Kč
https://www.bodyworld.eu/cz/en/peak-performance-createston-professional-1575-g-3034	Createston Professional 1575 g	1345 Kč
https://www.bodyworld.eu/cz/en/biotech-usa-100-l-glutamine-240-g-652	100% L-Glutamine 240 g	373 Kč
https://www.bodyworld.eu/cz/en/biotech-usa-nitrox-therapy-680-g-2308	Nitrox Therapy 680 g	898 Kč
https://www.bodyworld.eu/cz/en/vitamin-well-upgrade-500-ml-6892	Upgrade 500 ml	55 Kč
https://www.bodyworld.eu/cz/en/nutrend-salt-caps-120-capsules-5537	Salt Caps 120 capsules	259 Kč
https://www.bodyworld.eu/cz/en/biotech-usa-bcaa-b6-100-tablets-2736	BCAA + B6 100 tablets	323 Kč
https://www.bodyworld.eu/cz/en/sizeandsymmetry-caffeine-60-capsules-4091	Caffeine 60 capsules	209 Kč
https://www.bodyworld.eu/cz/en/allnutrition-pump-shock-box-12-x-80-ml-4617	Pump Shock BOX 12 x 80 ml	285 Kč
https://www.bodyworld.eu/cz/en/peak-performance-createston-classic-3090-g-5164	Createston Classic+ 3090 g	2079 Kč
https://www.bodyworld.eu/cz/en/scitec-nutrition-amino-liquid-50-1000-ml-619	Amino Liquid 50 1000 ml	679 Kč
https://www.bodyworld.eu/cz/en/nutrend-endurosnack-box-10-x-75-g-tube-2814	Endurosnack BOX 10 x 75 g (tube)	440 Kč
https://www.bodyworld.eu/cz/en/nutrend-kre-alkalynr-120-capsules-1535	Kre-Alkalyn 120 capsules	645 Kč
https://www.bodyworld.eu/cz/en/applied-nutrition-sex-bomb-for-him-120-capsules-4328	Sex Bomb For Him 120 capsules	705 Kč
https://www.bodyworld.eu/cz/en/myprotein-l-carnitine-90-tablets-2551	L-Carnitine 90 tablets	295 Kč
https://www.bodyworld.eu/cz/en/biotech-usa-liquid-amino-1000-ml-1106	Liquid Amino 1000 ml	598 Kč
https://www.bodyworld.eu/cz/en/biotech-usa-aakg-shock-1000-ml-1187	AAKG Shock 1000 ml	748 Kč
https://www.bodyworld.eu/cz/en/atp-nutrition-carnitine-taurine-100-tablets-983	Carnitine Taurine 100 tablets	185 Kč
https://www.bodyworld.eu/cz/en/biotech-usa-100-l-glutamine-500-g-653	100% L-Glutamine 500 g	623 Kč
https://www.bodyworld.eu/cz/en/biotech-usa-supernova-282-g-3151	Supernova 282 g	648 Kč
https://www.bodyworld.eu/cz/en/peak-performance-eaa-ts-technology-500-g-91	EAA TS-Technology 500 g	655 Kč
https://www.bodyworld.eu/cz/en/masazne-gely-hamaviss-sportovy-gel-125-ml-2396	Športový Gél 125 ml	285 Kč
https://www.bodyworld.eu/cz/en/aone-nutrition-pep-up-1000-ml-4815	Pep-Up 1000 ml	319 Kč
https://www.bodyworld.eu/cz/en/kompava-k4-power-bcaa-400-g-6443	K4 Power BCAA 400 g	799 Kč
https://www.bodyworld.eu/cz/en/atp-nutrition-nitric-oxide-3000-240-tablets-6300	Nitric Oxide 3000 240 tablets	369 Kč
https://www.bodyworld.eu/cz/en/nutrend-denuts-gift-box-220-g-6-pcs-6690	DeNuts gift box 220 g (6 pcs)	93 Kč
https://www.bodyworld.eu/cz/en/nutrend-carnilife-40000-500-ml-476	Carnilife 40000 500 ml	359 Kč
https://www.bodyworld.eu/cz/en/scitec-nutrition-testo-punch-120-capsules-4729	Testo Punch 120 capsules	723 Kč
https://www.bodyworld.eu/cz/en/universal-animal-nitro-44-packs-2977	Animal Nitro 44 packs	1295 Kč
https://www.bodyworld.eu/cz/en/scitec-nutrition-t-gh-240-300-g-2959	T / GH 240 - 300 g	738 Kč
https://www.bodyworld.eu/cz/en/nutrend-carbonex-12-tablets-1579	Carbonex 12 tablets	119 Kč
https://www.bodyworld.eu/cz/en/atp-nutrition-hmb-glutamine-100-capsules-991	HMB & Glutamine 100 capsules	315 Kč
https://www.bodyworld.eu/cz/en/biotech-usa-energy-gel-pro-60-g-2526	Energy Gel Pro 60 g	50 Kč
https://www.bodyworld.eu/cz/en/alavis-maxima-bestier-tribulus-60-capsules-6771	Maxima Bestier Tribulus 60 capsules	489 Kč
https://www.bodyworld.eu/cz/en/biotech-usa-l-carnitine-chrome-for-her-60-capsules-4039	L-Carnitine + Chrome For Her 60 capsules	348 Kč
https://www.bodyworld.eu/cz/en/stacker-inferno-black-300-g-5907	Inferno Black 300 g	509 Kč
https://www.bodyworld.eu/cz/en/prom-in-l-glutamine-500-g-4817	L-Glutamine 500 g	455 Kč
https://www.bodyworld.eu/cz/en/scitec-nutrition-amino-magic-500-g-544	Amino Magic 500 g	648 Kč
https://www.bodyworld.eu/cz/en/mars-snickers-protein-flapjack-65-g-4807	Snickers Protein Flapjack 65 g	43 Kč
https://www.bodyworld.eu/cz/en/kompava-k4-power-bcaa-11-g-3079	K4 Power BCAA 11 g	30 Kč
https://www.bodyworld.eu/cz/en/kompava-tribulus-terrestris-120-capsules-4471	Tribulus Terrestris 120 capsules	369 Kč
https://www.bodyworld.eu/cz/en/biotech-usa-l-carnitine-1000-mg-60-tablets-2742	L-Carnitine 1000 mg 60 tablets	498 Kč
https://www.bodyworld.eu/cz/en/scitec-nutrition-taurine-90-capsules-869	Taurine 90 capsules	273 Kč
https://www.bodyworld.eu/cz/en/nutrend-zma-120-capsules-1530	ZMA 120 capsules	529 Kč
https://www.bodyworld.eu/cz/en/biotech-usa-black-test-90-capsules-5734	Black Test 90 capsules	748 Kč
https://www.bodyworld.eu/cz/en/prom-in-supreme-iont-1000-ml-4881	Supreme Iont 1000 ml	395 Kč
https://www.bodyworld.eu/cz/en/universal-animal-nrg-250-ml-6266	Animal NRG 250 ml	39 Kč
https://www.bodyworld.eu/cz/en/scitec-nutrition-supercarb-xpress-1000-g-6982	SuperCarb Xpress 1000 g	373 Kč
https://www.bodyworld.eu/cz/en/scitec-nutrition-bcaa-xpress-280-g-5552	BCAA Xpress 280 g	488 Kč
https://www.bodyworld.eu/cz/en/scitec-nutrition-mega-eaa-240-capsules-7540	Mega EAA 240 capsules	648 Kč
https://www.bodyworld.eu/cz/en/nutrend-zerodrinx-18-tablets-5720	ZERODRINX 18 tablets	159 Kč
https://www.bodyworld.eu/cz/en/scitec-nutrition-mega-hmb-90-capsules-855	Mega HMB 90 capsules	548 Kč
https://www.bodyworld.eu/cz/en/qnt-enerjack-75-g-5204	Enerjack 75 g	29 Kč
https://www.bodyworld.eu/cz/en/biotech-usa-recovery-gel-60-g-2524	Recovery Gel 60 g	50 Kč
https://www.bodyworld.eu/cz/en/scitec-nutrition-tyrosine-100-capsules-874	Tyrosine 100 capsules	298 Kč
https://www.bodyworld.eu/cz/en/scitec-nutrition-mega-creatine-monohydrate-1320-120-capsules-7565	Mega Creatine Monohydrate 1320 120 capsules	705 Kč
https://www.bodyworld.eu/cz/en/scitec-nutrition-mega-glutamine-90-capsules-133	Mega Glutamine 90 capsules	398 Kč
https://www.bodyworld.eu/cz/en/scitec-nutrition-lysine-90-capsules-1345	Lysine 90 capsules	323 Kč
https://www.bodyworld.eu/cz/en/allnutrition-alldeynn-powerrose-450-g-shaker-600-ml-free-7029	ALLDEYNN Powerrose 450 g + Shaker 600 ml FREE	649 Kč
https://www.bodyworld.eu/cz/en/biotech-usa-eaa-200-capsules-6752	EAA 200 capsules	573 Kč
https://www.bodyworld.eu/cz/en/amix-diosgen-stimulator-100-capsules-3876	Diosgen Stimulator 100 capsules	455 Kč
https://www.bodyworld.eu/cz/en/amix-beef-extra-amino-198-capsules-2500	Beef Extra Amino 198 capsules	329 Kč
https://www.bodyworld.eu/cz/en/biotech-usa-beta-alanine-90-capsules-4162	Beta Alanine 90 capsules	373 Kč
https://www.bodyworld.eu/cz/en/kompava-hypofit-3000-g-6990	HypoFit 3000 g	1675 Kč
https://www.bodyworld.eu/cz/en/scitec-nutrition-tryptophan-60-capsules-830	Tryptophan 60 capsules	348 Kč
https://www.bodyworld.eu/cz/en/kompava-a-akg-120-capsules-4192	A-AKG 120 capsules	495 Kč
https://www.bodyworld.eu/cz/en/biotech-usa-l-carnitine-1000-mg-30-tablets-2743	L-Carnitine 1000 mg 30 tablets	323 Kč
https://www.bodyworld.eu/cz/en/metabolic-optimal-anabolic-amino-4300-700-tablets-822	Anabolic Amino 4300 700 tablets	979 Kč
https://www.bodyworld.eu/cz/en/nutrend-regener-75-g-sachet-4782	Regener 75 g (sachet)	49 Kč
https://www.bodyworld.eu/cz/en/scitec-nutrition-hot-blood-no-stim-375-g-7318	Hot Blood No-Stim 375 g	723 Kč
https://www.bodyworld.eu/cz/en/metabolic-optimal-anabolic-amino-4300-325-tablets-821	Anabolic Amino 4300 325 tablets	489 Kč
https://www.bodyworld.eu/cz/en/scitec-nutrition-l-glutamine-300-g-2085	L-Glutamine 300 g	448 Kč
https://www.bodyworld.eu/cz/en/scitec-nutrition-carni-complex-60-capsules-542	Carni Complex 60 capsules	473 Kč
https://www.bodyworld.eu/cz/en/amix-re-corer-concentrated-540-g-2616	Re-Core Concentrated 540 g	959 Kč
https://www.bodyworld.eu/cz/en/amix-musclecorer-creatine-magnapower-120-capsules-3231	MuscleCore Creatine MagnaPower™ 120 capsules	475 Kč
https://www.bodyworld.eu/cz/en/scitec-nutrition-pow3rd-20-350-g-1648	Pow3rd 2.0 350 g	623 Kč
https://www.bodyworld.eu/cz/en/biotech-usa-mega-amino-300-tablets-1256	Mega Amino 300 tablets	598 Kč
https://www.bodyworld.eu/cz/en/sis-rego-rapid-recovery-500-g-7551	Rego Rapid Recovery 500 g	319 Kč
https://www.bodyworld.eu/cz/en/allnutrition-alldeynn-sleeprose-280-g-shaker-600-ml-free-7024	ALLDEYNN Sleeprose 280 g + Shaker 600 ml FREE	569 Kč
https://www.bodyworld.eu/cz/en/myprotein-citrulline-malate-250-g-2494	Citrulline Malate 250 g	419 Kč
https://www.bodyworld.eu/cz/en/nutrend-explosin-420-g-2645	Explosin 420 g	749 Kč
https://www.bodyworld.eu/cz/en/nutrend-carnitine-60000-synephrine-500-ml-1791	Carnitine 60000 + Synephrine 500 ml	405 Kč
https://www.bodyworld.eu/cz/en/high5-run-pack-7568	Run Pack	419 Kč
https://www.bodyworld.eu/cz/en/scitec-nutrition-mega-carni-x-60-capsules-190	Mega Carni X 60 capsules	548 Kč
https://www.bodyworld.eu/cz/en/biotech-usa-liquid-bcaa-1000-ml-651	Liquid BCAA 1000 ml	573 Kč
https://www.bodyworld.eu/cz/en/scitec-nutrition-myofactor-285-g-7537	MyoFactor 285 g	699 Kč
https://www.bodyworld.eu/cz/en/peak-performance-beta-alanine-150-capsules-5320	Beta Alanine 150 capsules	429 Kč
https://www.bodyworld.eu/cz/en/biotech-usa-mission-210-g-7546	Mission 210 g	748 Kč
https://www.bodyworld.eu/cz/en/biotech-usa-vegan-amino-300-tablets-6793	Vegan Amino 300 tablets	549 Kč
https://www.bodyworld.eu/cz/en/amix-nitro-bcaa-plus-500-g-3235	Nitro BCAA Plus 500 g	1015 Kč
https://www.bodyworld.eu/cz/en/aone-nutrition-amino-royal-55-tablets-4684	Amino Royal 55 tablets	93 Kč
https://www.bodyworld.eu/cz/en/aone-nutrition-stamimax-junior-750-g-4223	Stamimax Junior 750 g	445 Kč
https://www.bodyworld.eu/cz/en/amix-bcaa-micro-instant-juice-500-g-3230	BCAA Micro-Instant Juice 500 g	765 Kč
https://www.bodyworld.eu/cz/en/aminostar-tribumax-120-capsules-318	TribuMax 120 capsules	565 Kč
https://www.bodyworld.eu/cz/en/biotech-usa-tyrosine-100-capsules-3062	Tyrosine 100 capsules	398 Kč
https://www.bodyworld.eu/cz/en/nutrend-bcaa-liquid-40000-mg-500-ml-1769	BCAA Liquid 40.000 mg 500 ml	249 Kč
https://www.bodyworld.eu/cz/en/nutrend-bcaa-211-150-tablets-494	BCAA 2:1:1 150 tablets	509 Kč
https://www.bodyworld.eu/cz/en/amix-nitric-125-capsules-3447	Nitric 125 capsules	429 Kč
https://www.bodyworld.eu/cz/en/nutrend-tyrosine-120-capsules-482	Tyrosine 120 capsules	349 Kč
https://www.bodyworld.eu/cz/en/biotech-usa-vegan-bcaa-360-g-6993	Vegan BCAA 360 g	673 Kč
https://www.bodyworld.eu/cz/en/aone-nutrition-bcaa-pro-aminos-250-tablets-4229	BCAA Pro Aminos 250 tablets	435 Kč
https://www.bodyworld.eu/cz/en/scitec-nutrition-aakg-100-capsules-1341	AAKG 100 capsules	448 Kč
https://www.bodyworld.eu/cz/en/fitness-authority-xtreme-napalm-alpha-test-240-tablets-7365	Xtreme Napalm Alpha Test 240 tablets	759 Kč
https://www.bodyworld.eu/cz/en/scitec-nutrition-beta-alanine-150-capsules-1162	Beta Alanine 150 capsules	498 Kč
https://www.bodyworld.eu/cz/en/scitec-nutrition-bcaa-x-330-capsules-177	BCAA-X 330 capsules	673 Kč
https://www.bodyworld.eu/cz/en/amix-the-cortisol-blockers-60-capsules-4012	The Cortisol Blocker´s 60 capsules	505 Kč
https://www.bodyworld.eu/cz/en/scitec-nutrition-maltodextrin-2000-g-7536	Maltodextrin 2000 g	398 Kč
https://www.bodyworld.eu/cz/en/amix-recovery-max-575-g-3238	Recovery-Max ™ 575 g	849 Kč
https://www.bodyworld.eu/cz/en/peak-performance-arginine-120-capsules-4427	Arginine 120 capsules	335 Kč
https://www.bodyworld.eu/cz/en/scitec-nutrition-g-bcaa-250-capsules-547	G-BCAA 250 capsules	663 Kč
https://www.bodyworld.eu/cz/en/myprotein-the-pre-workout-420-444-g-5469	The Pre-Workout 420-444 g	615 Kč
https://www.bodyworld.eu/cz/en/isostar-hydrate-perform-1500-g-6526	Hydrate & Perform 1500 g	465 Kč
https://www.bodyworld.eu/cz/en/biotech-usa-mega-amino-100-tablets-1255	Mega Amino 100 tablets	248 Kč
https://www.bodyworld.eu/cz/en/peak-performance-bcaa-tst-500-g-142	BCAA TST 500 g	589 Kč
https://www.bodyworld.eu/cz/en/amix-bcaa-elite-rate-120-capsules-3010	BCAA Elite Rate 120 capsules	285 Kč
https://www.bodyworld.eu/cz/en/prom-in-bcaa-athletic-311-500-capsules-4777	BCAA Athletic 3:1:1 500 capsules	835 Kč
https://www.bodyworld.eu/cz/en/aminostar-tribulus-terrestris-120-capsules-1820	Tribulus Terrestris 120 capsules	485 Kč
https://www.bodyworld.eu/cz/en/amix-tribusten-125-capsules-3209	Tribusten™ 125 capsules	605 Kč
https://www.bodyworld.eu/cz/en/applied-nutrition-sex-bomb-for-her-120-capsules-4327	Sex Bomb For Her 120 capsules	489 Kč
https://www.bodyworld.eu/cz/en/nutrend-bcaa-compressed-caps-120-capsules-3577	BCAA Compressed Caps 120 capsules	399 Kč
https://www.bodyworld.eu/cz/en/peak-performance-arginine-akg-150-capsules-5319	Arginine AKG 150 capsules	445 Kč
https://www.bodyworld.eu/cz/en/biotech-usa-relax-60-tablets-7424	Relax 60 tablets	398 Kč
https://www.bodyworld.eu/cz/en/amix-synchro-bcaa-sustaminer-drink-300-g-3767	Synchro BCAA + Sustamine Drink 300 g	495 Kč
https://www.bodyworld.eu/cz/en/amix-tribulyn-90-max-90-capsules-3205	TribuLyn™ 90% Max 90 capsules	485 Kč
https://www.bodyworld.eu/cz/en/allnutrition-bcaa-1100-300-capsules-5017	BCAA 1100 300 capsules	535 Kč
https://www.bodyworld.eu/cz/en/scitec-nutrition-mental-focus-90-capsules-1337	Mental Focus 90 capsules	448 Kč
https://www.bodyworld.eu/cz/en/amix-atp-energy-liquid-box-10-x-25-ml-5792	ATP Energy Liquid BOX 10 x 25 ml	435 Kč
https://www.bodyworld.eu/cz/en/amix-nitric-350-capsules-3225	Nitric 350 capsules	929 Kč
https://www.bodyworld.eu/cz/en/scitec-nutrition-carni-x-60-capsules-189	Carni-X 60 capsules	398 Kč
https://www.bodyworld.eu/cz/en/qnt-hmb-120-capsules-1888	HMB 120 capsules	579 Kč
https://www.bodyworld.eu/cz/en/biotech-usa-sleep-60-capsules-3153	Sleep 60 capsules	373 Kč
https://www.bodyworld.eu/cz/en/amix-100-whey-amino-gold-360-tablets-4616	100% Whey Amino Gold 360 tablets	529 Kč
https://www.bodyworld.eu/cz/en/scitec-nutrition-mega-bcaa-1400-180-capsules-1613	Mega Bcaa 1400 180 capsules	705 Kč
https://www.bodyworld.eu/cz/en/amix-cellex-unlimited-520-g-2631	Cellex Unlimited 520 g	649 Kč
https://www.bodyworld.eu/cz/en/amix-beef-amino-550-tablets-2830	Beef Amino 550 tablets	1149 Kč
https://www.bodyworld.eu/cz/en/amix-beef-extra-amino-360-capsules-2501	Beef Extra Amino 360 capsules	489 Kč
https://www.bodyworld.eu/cz/en/bodyworld-boost-shot-80-ml-7589	Boost Shot 80 ml	37 Kč
https://www.bodyworld.eu/cz/en/amix-myosterones-90-capsules-3239	MyoSterones 90 capsules	735 Kč
https://www.bodyworld.eu/cz/en/amix-bcaa-new-generation-liquid-500-ml-2832	BCAA New Generation liquid 500 ml	239 Kč
https://www.bodyworld.eu/cz/en/sizeandsymmetry-bcaa-8000-instant-300-g-3896	BCAA 8000 Instant 300 g	405 Kč
https://www.bodyworld.eu/cz/en/nutrend-isodrinx-caffeine-420-g-5496	ISODRINX + Caffeine 420 g	199 Kč
https://www.bodyworld.eu/cz/en/biotech-usa-bcaa-811-unflavoured-300-g-3334	BCAA 8:1:1 Unflavoured 300 g	748 Kč
https://www.bodyworld.eu/cz/en/nutrend-carnitine-compressed-caps-120-capsules-3353	Carnitine Compressed Caps 120 capsules	709 Kč
https://www.bodyworld.eu/cz/en/nutrend-whey-amino-10000-100-tablets-2186	Whey Amino 10000 100 tablets	405 Kč
https://www.bodyworld.eu/cz/en/aminostar-tribumax-120-caps-bcaa-extreme-pure-120-caps-stock-package-512	TribuMax 120 caps + BCAA Extreme pure 120 caps stock package	839 Kč
https://www.bodyworld.eu/cz/en/amix-tribulyn-40-120-capsules-3207	TribuLyn 40% 120 capsules	445 Kč
https://www.bodyworld.eu/cz/en/bodyworld-boost-shot-12-x-80-ml-7590	Boost Shot 12 x 80 ml	369 Kč
https://www.bodyworld.eu/cz/en/amix-bcaa-new-generation-liquid-1000-ml-2831	BCAA New Generation liquid 1000 ml	429 Kč
https://www.bodyworld.eu/cz/en/biotech-usa-creatine-zero-18-tablets-3995	Creatine Zero 18 tablets	148 Kč
https://www.bodyworld.eu/cz/en/nutrend-creaport-600-g-3358	Creaport 600 g	379 Kč
https://www.bodyworld.eu/cz/en/scitec-nutrition-isotec-1000-g-520	Isotec 1000 g	498 Kč
https://www.bodyworld.eu/cz/en/scitec-nutrition-gh-surge-90-capsules-545	GH Surge 90 capsules	348 Kč
https://www.bodyworld.eu/cz/en/nutrend-bcaa-liquid-shot-60-ml-3360	BCAA Liquid Shot 60 ml	25 Kč
https://www.bodyworld.eu/cz/en/nutrend-inosine-100-capsules-4027	Inosine 100 capsules	392 Kč
https://www.bodyworld.eu/cz/en/nutrend-voltage-energy-bar-6-x-65-g-6777	Voltage Energy Bar 6 x 65 g	189 Kč
https://www.bodyworld.eu/cz/en/scitec-nutrition-isotec-1000-g-bottle-650-ml-free-5470	Isotec 1000 g + Bottle 650 ml FREE	494 Kč
https://www.bodyworld.eu/cz/en/biotech-usa-after-420-g-5446	After 420 g	623 Kč
https://www.bodyworld.eu/cz/en/nutrend-bcaa-411-energy-powder-500-g-4798	BCAA 4:1:1 Energy Powder 500 g	629 Kč
https://www.bodyworld.eu/cz/en/nutrend-aakg-7500-20-x-25-ml-3286	AAKG 7500 20 x 25 ml	599 Kč
https://www.bodyworld.eu/cz/en/biotech-usa-l-carnitine-ampoule-3000-mg-20-x-25-ml-2834	L-Carnitine Ampoule 3000 mg 20 x 25 ml	48 Kč
https://www.bodyworld.eu/cz/en/nutrend-turbo-effect-shot-25-ml-5567	Turbo Effect Shot 25 ml	32 Kč
https://www.bodyworld.eu/cz/en/nutrend-amino-power-liquid-1000-ml-506	Amino Power Liquid 1000 ml	499 Kč
https://www.bodyworld.eu/cz/en/scitec-nutrition-superhero-285-g-3469	Superhero 285 g	823 Kč
https://www.bodyworld.eu/cz/en/nutrend-gutar-energy-shot-box-20-x-60-ml-1802	Gutar Energy Shot BOX 20 x 60 ml	629 Kč
https://www.bodyworld.eu/cz/en/nutrend-bcaa-411-drink-300-g-3625	BCAA 4:1:1 Drink 300 g	399 Kč
https://www.bodyworld.eu/cz/en/nutrend-vo2-boost-60-tablets-5565	VO2 Boost 60 tablets	315 Kč
https://www.bodyworld.eu/cz/en/biotech-usa-bcaa-shot-20-x-60-ml-2738	BCAA Shot 20 x 60 ml	55 Kč
https://www.bodyworld.eu/cz/en/biotech-usa-aakg-7800-20-x-25-ml-3338	AAKG 7800 20 x 25 ml	50 Kč
https://www.bodyworld.eu/cz/en/nutrend-bcaa-411-300-tablets-499	BCAA 4:1:1 300 tablets	1169 Kč
https://www.bodyworld.eu/cz/en/biotech-usa-ca-hmb-3000-200-g-2176	CA-HMB 3000 200 g	723 Kč
https://www.bodyworld.eu/cz/en/prom-in-l-carnitine-240-capsules-5533	L-Carnitine 240 capsules	655 Kč
https://www.bodyworld.eu/cz/en/biotech-usa-100-l-glutamine-1000-g-2679	100% L-Glutamine 1000 g	945 Kč
https://www.bodyworld.eu/cz/en/nutrend-beta-alanine-compressed-caps-90-capsules-3354	Beta-Alanine Compressed Caps  90 capsules	269 Kč
https://www.bodyworld.eu/cz/en/scitec-nutrition-hyper-carnitine-90-capsules-3911	Hyper Carnitine 90 capsules	763 Kč
https://www.bodyworld.eu/cz/en/nutrend-glutamine-500-g-1539	Glutamine 500 g	559 Kč
https://www.bodyworld.eu/cz/en/scitec-nutrition-bcaa-x-120-capsules-176	BCAA-X 120 capsules	323 Kč
https://www.bodyworld.eu/cz/en/biotech-usa-energy-shot-20-x-25-ml-2123	Energy Shot 20 x 25 ml	38 Kč
https://www.bodyworld.eu/cz/en/prom-in-essential-bcaa-2-1-1-nitric-oxide-500-capsules-3974	Essential BCAA 2: 1: 1 + Nitric Oxide 500 capsules	835 Kč
https://www.bodyworld.eu/cz/en/nutrend-whey-amino-10000-300-tablets-497	Whey Amino 10000 300 tablets	1035 Kč
https://www.bodyworld.eu/cz/en/scitec-nutrition-liquid-carni-x-100000-500-ml-536	Liquid Carni-X 100,000 500 ml	575 Kč
https://www.bodyworld.eu/cz/en/nutrend-isodrinx-caffeine-1000-g-5495	ISODRINX + Caffeine 1000 g	405 Kč
https://www.bodyworld.eu/cz/en/prom-in-essential-bcaa-2-1-1-nitric-oxide-240-capsules-3975	Essential BCAA 2: 1: 1 + Nitric Oxide 240 capsules	435 Kč
https://www.bodyworld.eu/cz/en/biotech-usa-alc-60-capsules-4044	ALC 60 capsules	473 Kč
https://www.bodyworld.eu/cz/en/scitec-nutrition-hmb-90-capsules-194	HMB 90 capsules	448 Kč
https://www.bodyworld.eu/cz/en/scitec-nutrition-carnitine-3000-box-12-x-60-ml-3406	Carnitine 3000 BOX 12 x 60 ml	559 Kč
https://www.bodyworld.eu/cz/en/nutrend-bcaa-411-100-tablets-2187	BCAA 4:1:1 100 tablets	439 Kč
https://www.bodyworld.eu/cz/en/biotech-usa-go-energy-bar-40-g-1254	GO Energy Bar 40 g	38 Kč
https://www.bodyworld.eu/cz/en/nutrend-amino-power-liquid-500-ml-505	Amino Power Liquid 500 ml	299 Kč
https://www.bodyworld.eu/cz/en/nutrend-bcaa-complex-120-capsules-5572	BCAA Complex 120 capsules	379 Kč
https://www.bodyworld.eu/cz/en/scitec-nutrition-bcaa-1000-300-capsules-1647	BCAA 1000 300 capsules	655 Kč
https://www.bodyworld.eu/cz/en/scitec-nutrition-liquid-carni-x-2000-20x25-ml-613	Liquid Carni-X 2000 20x25 ml	675 Kč
https://www.bodyworld.eu/cz/en/biotech-usa-100-bcaa-400-g-4247	100% BCAA 400 g	729 Kč
https://www.bodyworld.eu/cz/en/nutrend-iso-drinx-750-ml-418	ISO Drinx 750 ml	49 Kč
https://www.bodyworld.eu/cz/en/prom-in-bcaa-athletic-311-240-capsules-4814	BCAA Athletic 3:1:1 240 capsules	435 Kč
https://www.bodyworld.eu/cz/en/scitec-nutrition-eaa-xpress-10-g-7210	EAA Xpress 10 g	43 Kč
https://www.bodyworld.eu/cz/en/megabol-biosterol-30-capsules-5480	Biosterol 30 capsules	119 Kč
https://www.bodyworld.eu/cz/en/sizeandsymmetry-creatine-creapurer-500-g-3895	Creatine (Creapure)  500 g	639 Kč
https://www.bodyworld.eu/cz/en/sizeandsymmetry-creatine-creapurer-250-g-3892	Creatine (Creapure) 250 g	395 Kč
https://www.bodyworld.eu/cz/en/bsn-amino-x-1010-g-1927	AMINO X™ 1010 g	809 Kč
https://www.bodyworld.eu/cz/en/kevin-levrone-scatterbrain-shot-120-ml-6563	Scatterbrain Shot 120 ml	25 Kč
https://www.bodyworld.eu/cz/en/atp-nutrition-creatine-monohydrate-tabs-300-tablets-951	Creatine Monohydrate tabs 300 tablets	369 Kč
https://www.bodyworld.eu/cz/en/myprotein-l-glutamine-1000-g-2625	L-Glutamine 1000 g	465 Kč
https://www.bodyworld.eu/cz/en/myprotein-100-nac-n-acetyl-l-cysteine-200-g-3709	100% NAC (N-acetyl-L-cysteine) 200 g	299 Kč
https://www.bodyworld.eu/cz/en/kompava-hypofit-500-g-2538	HypoFit 500 g	329 Kč
https://www.bodyworld.eu/cz/en/atp-nutrition-diosgenin-100-capsules-947	Diosgenin 100 capsules	149 Kč
https://www.bodyworld.eu/cz/en/bsn-no-xplode-legendary-new-650-g-6863	N.O.-Xplode Legendary NEW 650 g	809 Kč
https://www.bodyworld.eu/cz/en/stacker-rush-v4-360-g-4228	Rush V4 360 g	705 Kč
https://www.bodyworld.eu/cz/en/fitness-authority-xtreme-napalm-igniter-shot-120-ml-7367	Xtreme Napalm Igniter Shot NEW 120 ml	29 Kč
https://www.bodyworld.eu/cz/en/allnutrition-aakg-1100-xtracaps-120-capsules-5407	AAKG 1100 XtraCaps 120 capsules	339 Kč
https://www.bodyworld.eu/cz/en/peak-performance-epic-pump-500-g-4638	Epic Pump 500 g	589 Kč
https://www.bodyworld.eu/cz/en/reflex-nutrition-zinc-matrix-100-capsules-5150	Zinc Matrix 100 capsules	245 Kč
https://www.bodyworld.eu/cz/en/allnutrition-bcaa-instant-400-g-4973	BCAA Instant 400 g	325 Kč
https://www.bodyworld.eu/cz/en/allnutrition-sleep-pro-90-capsules-5199	Sleep Pro 90 capsules	219 Kč
https://www.bodyworld.eu/cz/en/amix-creatine-monohydrate-500-g-3237	Creatine Monohydrate 500 g	639 Kč
https://www.bodyworld.eu/cz/en/amix-creatine-monohydrate-300-g-7279	Creatine Monohydrate 300 g	445 Kč
https://www.bodyworld.eu/cz/en/bsn-no-xplode-legendary-new-390-g-6864	N.O.-Xplode Legendary NEW 390 g	589 Kč
https://www.bodyworld.eu/cz/en/aone-nutrition-stamimax-electrolyte-750-g-4221	Stamimax Electrolyte 750 g	579 Kč
https://www.bodyworld.eu/cz/en/allnutrition-zmab6-20-tablets-7007	ZMA+B6 20 tablets	39 Kč
https://www.bodyworld.eu/cz/en/allnutrition-hero-pump-420-g-4939	Hero Pump 420 g	455 Kč
https://www.bodyworld.eu/cz/en/allnutrition-muesli-bar-30-g-5308	Muesli Bar 30 g	12 Kč
https://www.bodyworld.eu/cz/en/vitamin-well-celebrate-500-ml-7290	Celebrate 500 ml	55 Kč
https://www.bodyworld.eu/cz/en/allnutrition-electrolytes-20-tablets-7009	Electrolytes 20 tablets	39 Kč
https://www.bodyworld.eu/cz/en/kompava-tryptofan-b-60-capsules-5763	Tryptofan B 60 capsules	335 Kč
https://www.bodyworld.eu/cz/en/allnutrition-taurine-body-support-500-g-7060	Taurine Body Support 500 g	149 Kč
https://www.bodyworld.eu/cz/en/high5-energy-gel-caffeine-40-g-6816	Energy Gel Caffeine 40 g	25 Kč
https://www.bodyworld.eu/cz/en/kevin-levrone-shaaboom-pump-shot-120-ml-6634	Shaaboom Pump Shot 120 ml	26 Kč
https://www.bodyworld.eu/cz/en/allnutrition-beta-alanine-endurance-max-250-g-6395	Beta-alanine Endurance Max 250 g	159 Kč
https://www.bodyworld.eu/cz/en/vitamin-well-antioxidant-500-ml-6893	Antioxidant 500 ml	55 Kč
https://www.bodyworld.eu/cz/en/optimum-nutrition-gold-standard-pre-workout-advanced-420-g-7285	Gold Standard Pre-Workout Advanced 420 g	735 Kč
https://www.bodyworld.eu/cz/en/warrior-rage-392-g-5886	Rage 392 g	469 Kč
https://www.bodyworld.eu/cz/en/androrganics-tribandrol-90-capsules-7011	Tribandrol 90 capsules	685 Kč
https://www.bodyworld.eu/cz/en/amix-carnishot-3000-box-20-x-60-ml-5799	CarniShot 3000 BOX 20 x 60 ml	549 Kč
https://www.bodyworld.eu/cz/en/fcb-probrands-winter-candy-330-ml-7093	Winter Candy 330 ml	37 Kč
https://www.bodyworld.eu/cz/en/gaspari-nutrition-glutamine-300-g-1374	Glutamine 300 g	439 Kč
https://www.bodyworld.eu/cz/en/amix-kre-alkalyn-220-capsules-4970	Kre-Alkalyn 220 capsules	789 Kč
https://www.bodyworld.eu/cz/en/nutrex-tribulus-black-1300-120-capsules-6478	Tribulus Black 1300 120 capsules	329 Kč
https://www.bodyworld.eu/cz/en/allnutrition-amino-complex-400-tablets-4664	Amino Complex 400 tablets	455 Kč
https://www.bodyworld.eu/cz/en/high5-energy-gel-40-g-5690	Energy Gel 40 g	25 Kč
https://www.bodyworld.eu/cz/en/allnutrition-fking-delicious-drink-7216	F**king Delicious Drink 9 g	17 Kč
https://www.bodyworld.eu/cz/en/atp-nutrition-amino-2500-400-tablets-2712	Amino 2500 400 tablets	539 Kč
https://www.bodyworld.eu/cz/en/kompava-mini-beef-amino-500-tablets-5031	Mini Beef Amino 500 tablets	645 Kč
https://www.bodyworld.eu/cz/en/kevin-levrone-levropump-360-g-5042	LevroPump 360 g	605 Kč
https://www.bodyworld.eu/cz/en/amix-testofuelr-250-tablets-3803	TestoFUEL 250 tablets	845 Kč
https://www.bodyworld.eu/cz/en/amix-testofuelr-100-tablets-3804	TestoFUEL 100 tablets	439 Kč
https://www.bodyworld.eu/cz/en/myprotein-myvitamins-bcaa-tablets-240-tablets-5382	MyVitamins BCAA Tablets 240 tablets	479 Kč
https://www.bodyworld.eu/cz/en/amix-cellup-shot-box-20-x-60-ml-5793	CellUp Shot BOX 20 x 60 ml	649 Kč
https://www.bodyworld.eu/cz/en/mutant-bcaa-97-energy-780-g-7376	BCAA 9.7 Energy 780 g	685 Kč
https://www.bodyworld.eu/cz/en/allnutrition-energy-shock-box-12-x-80-ml-5352	Energy Shock BOX 12 x 80 ml	285 Kč
https://www.bodyworld.eu/cz/en/amix-nitric-oxide-120-capsules-3307	Nitric Oxide 120 capsules	429 Kč
https://www.bodyworld.eu/cz/en/myprotein-impact-eaa-250-g-7484	Impact EAA 250 g	319 Kč
https://www.bodyworld.eu/cz/en/aone-nutrition-carniform-200-000-500-ml-4236	Carniform 200 000 500 ml	419 Kč
https://www.bodyworld.eu/cz/en/applied-nutrition-pump-3g-zero-stimulant-375-g-6162	Pump 3G Zero Stimulant 375 g	589 Kč
https://www.bodyworld.eu/cz/en/amix-zmar-90-capsules-6471	ZMA 90 capsules	379 Kč
https://www.bodyworld.eu/cz/en/kompava-beef-amino-200-tablets-3065	Beef Amino 200 tablets	485 Kč
https://www.bodyworld.eu/cz/en/amix-mytotest-v3-90-capsules-3211	MytoTest V3  90 caps	895 Kč
https://www.bodyworld.eu/cz/en/amix-tribu-90-zma-90-tablets-3206	Tribu 90% ZMA 90 tablets	695 Kč
https://www.bodyworld.eu/cz/en/kevin-levrone-levrotest-120-tablets-120-tablets-5126	LevroTEST 120 tablets + 120 tablets	725 Kč
https://www.bodyworld.eu/cz/en/myprotein-pre-workout-gummies-60-gummies-7421	Pre-Workout Gummies 60 Gummies	419 Kč
https://www.bodyworld.eu/cz/en/kompava-creatine-creapurer-500-g-7561	Creatine (Creapure) 500 g	615 Kč
https://www.bodyworld.eu/cz/en/amix-xfat-2in1-shot-box-20-x-60-ml-5796	XFat 2in1 Shot BOX 20 x 60 ml	629 Kč
https://www.bodyworld.eu/cz/en/myprotein-essential-bcaa-90-tablets-2197	Essential BCAA 90 tablets	215 Kč
https://www.bodyworld.eu/cz/en/amix-bcaa-411-300-tablets-5076	BCAA 4:1:1 300 tablets	615 Kč
https://www.bodyworld.eu/cz/en/mammut-nutrition-l-carnitine-liquid-1000-ml-7125	L-Carnitine Liquid 1000 ml	319 Kč
https://www.bodyworld.eu/cz/en/aone-nutrition-bio-zma-60-capsules-5118	Bio ZMA 60 capsules	245 Kč
https://www.bodyworld.eu/cz/en/universal-animal-stak-23-packages-7492	Animal Stak 23 packages	1419 Kč
https://www.bodyworld.eu/cz/en/amix-amino-hydro-32-250-tablets-4254	Amino Hydro-32 250 tablets	605 Kč
https://www.bodyworld.eu/cz/en/amix-nitric-oxide-360-capsules-3222	Nitric Oxide 360 capsules	965 Kč
https://www.bodyworld.eu/cz/en/amix-arginine-360-capsules-3554	Arginine 360 capsules	689 Kč
https://www.bodyworld.eu/cz/en/myprotein-creapurer-kreatin-monohydrat-500-g-3467	Creapure Kreatín Monohydrát 500 g	615 Kč
https://www.bodyworld.eu/cz/en/universal-animal-m-stak-23-packs-7471	Animal M-Stak 23 packs	1589 Kč
https://www.bodyworld.eu/cz/en/amix-vitargo-crea-x-2000-g-1861	VitarGo Crea-X 2000 g	1055 Kč
https://www.bodyworld.eu/cz/en/aone-nutrition-amino-maxi-pep-500-tablets-4976	Amino Maxi-Pep 500 tablets	565 Kč
https://www.bodyworld.eu/cz/en/amix-amino-hydro-32-550-tablets-4529	Amino Hydro-32 550 tablets	1125 Kč
https://www.bodyworld.eu/cz/en/aone-nutrition-glutamine-peptides-250-capsules-4237	Glutamine Peptides 250 capsules	579 Kč
https://www.bodyworld.eu/cz/en/amix-bcaa-elite-rate-220-capsules-7142	BCAA Elite Rate 220 capsules	339 Kč
https://www.bodyworld.eu/cz/en/aone-nutrition-bcaa-pro-aminos-500-tablets-4800	BCAA Pro Aminos 500 tablets	785 Kč
https://www.bodyworld.eu/cz/en/aone-nutrition-tribulus-80-testo-pro-120-capsules-4226	Tribulus 80 Testo-Pro 120 capsules	495 Kč
https://www.bodyworld.eu/cz/en/myprotein-myvitamins-t-perform-90-capsules-7465	MyVitamins T-Perform 90 capsules	419 Kč
https://www.bodyworld.eu/cz/en/bsn-nitrix-20-180-tablets-2150	Nitrix 2.0 180 tablets	809 Kč
https://www.bodyworld.eu/cz/en/aone-nutrition-amino-maxi-pep-250-tablets-4203	Amino Maxi-Pep 250 tablets	339 Kč
https://www.bodyworld.eu/cz/en/kompava-argino-drink-350-g-1468	ArgiNO drink 350 g	1075 Kč
https://www.bodyworld.eu/cz/en/aone-nutrition-glutamine-peptides-500-capsules-4238	Glutamine Peptides 500 capsules	929 Kč
https://www.bodyworld.eu/cz/en/kompava-beef-amino-800-tablets-3066	Beef Amino 800 tablets	1889 Kč
https://www.bodyworld.eu/cz/en/kompava-l-lysine-extra-60-capsules-6030	L-lysine Extra 60 capsules	199 Kč
https://www.bodyworld.eu/cz/en/atp-nutrition-glutamine-caps-200-capsules-7083	Glutamine Caps 200 capsules	319 Kč
https://www.bodyworld.eu/cz/en/amix-bcaa-gold-150-tablets-4310	BCAA Gold 150 tablets	475 Kč
https://www.bodyworld.eu/cz/en/amix-myocellr-5-phase-500-g-2580	MyoCell 5 Phase 500 g	1005 Kč
https://www.bodyworld.eu/cz/en/amix-guarex-energy-mental-shot-box-20-x-60-ml-5797	Guarex Energy & Mental Shot BOX 20 x 60 ml	629 Kč
https://www.bodyworld.eu/cz/en/mega-pro-mega-tribulus-1000-200-capsules-992	Mega Tribulus 1000 200 capsules	285 Kč
https://www.bodyworld.eu/cz/en/aone-nutrition-stamimax-ultra-regeneration-500-g-4220	Stamimax Ultra Regeneration 500 g	965 Kč
https://www.bodyworld.eu/cz/en/reflex-nutrition-creapurer-creatine-500-g-3922	Creapure Creatine 500 g	489 Kč
https://www.bodyworld.eu/cz/en/amix-vitargo-crea-x-1000-g-1860	VitarGo Crea-X 1000 g	589 Kč
https://www.bodyworld.eu/cz/en/kompava-3energy-bar-box-32-x-40-g-3078	3Energy bar BOX 32 x 40 g	640 Kč
https://www.bodyworld.eu/cz/en/head-energy-bar-50-g-7138	Energy Bar 50 g	33 Kč
https://www.bodyworld.eu/cz/en/amix-beef-amino-110-tablets-2614	Beef Amino 110 tablets	425 Kč
https://www.bodyworld.eu/cz/en/amix-bcaa-gold-300-tablets-3011	BCAA Gold 300 tablets	849 Kč
https://www.bodyworld.eu/cz/en/amix-anabolic-power-tribusten-200-capsules-3218	Anabolic Power Tribusten™ 200 capsules	745 Kč
https://www.bodyworld.eu/cz/en/sis-go-electrolyte-500-g-7178	GO Electrolyte 500 g	225 Kč
https://www.bodyworld.eu/cz/en/peak-performance-speed-60-capsules-4910	Speed 60 capsules	205 Kč
https://www.bodyworld.eu/cz/en/peak-performance-ecdysterone-120-capsules-5987	Ecdysterone 120 capsules	825 Kč
https://www.bodyworld.eu/cz/en/myprotein-essential-bcaa-270-tablets-3475	Essential BCAA 270 tablets	419 Kč
https://www.bodyworld.eu/cz/en/amix-tribulyn-40-220-capsules-3208	TribuLyn™ 40% 220 capsules	705 Kč
https://www.bodyworld.eu/cz/en/hell-energy-hell-classic-250-ml-6407	HELL Classic 250 ml	15 Kč
https://www.bodyworld.eu/cz/en/reflex-nutrition-testo-fusion-90-capsules-4517	Testo Fusion 90 capsules	449 Kč
https://www.bodyworld.eu/cz/en/aone-nutrition-cyto-x-plode-450-g-4566	Cyto X-Plode 450 g	505 Kč
https://www.bodyworld.eu/cz/en/aone-nutrition-cyto-x-pulse-400-g-4812	Cyto X-Pulse 400 g	455 Kč
https://www.bodyworld.eu/cz/en/sizeandsymmetry-l-carnitine-100-000-1000-ml-3906	L-Carnitine 100 000 1000 ml	505 Kč
https://www.bodyworld.eu/cz/en/amix-glutamine-micro-powder-500-g-6450	Glutamine Micro Powder 500 g	539 Kč
https://www.bodyworld.eu/cz/en/aone-nutrition-carnitine-caps-60-capsules-4827	Carnitine Caps 60 capsules	305 Kč
https://www.bodyworld.eu/cz/en/universal-creatine-500-g-2540	Creatine 500 g	339 Kč
https://www.bodyworld.eu/cz/en/fitness-authority-eaa-amino-shot-120-ml-7355	EAA Amino Shot 120 ml	27 Kč
https://www.bodyworld.eu/cz/en/aone-nutrition-argimmune-460-g-5921	Argimmune 460 g	565 Kč
https://www.bodyworld.eu/cz/en/amix-100-whey-amino-gold-180-tablets-3948	100% Whey Amino Gold 180 tablets	299 Kč
https://www.bodyworld.eu/cz/en/amix-synchro-bcaa-sustaminer-120-tablets-3768	Synchro BCAA + Sustamine 120 tablets	465 Kč
https://www.bodyworld.eu/cz/en/peak-performance-carnitine-100-capsules-4633	Carnitine 100 capsules	369 Kč
https://www.bodyworld.eu/cz/en/amix-cellex-unlimited-1040-g-1714	Cellex Unlimited 1040 g	1229 Kč
https://www.bodyworld.eu/cz/en/aminostar-bcaa-extra-liquid-1000-ml-364	BCAA Extra liquid 1000 ml	419 Kč
https://www.bodyworld.eu/cz/en/amix-aakg-shot-box-20-x-60-ml-5794	AAKG Shot BOX 20 x 60 ml	469 Kč
https://www.bodyworld.eu/cz/en/amix-beef-amino-250-tablets-1973	Beef Amino 250 tablets	715 Kč
https://www.bodyworld.eu/cz/en/sizeandsymmetry-gold-cut-100-caps-l-carnitine-100000-1000-ml-4178	Gold Cut 100 caps + L-Carnitine 100,000 1000 ml	569 Kč
